kxcdn.com, Domains By Proxy, LLC
skycure.com, CA, Inc.
hismarttv.com, 
primevideo.com, Amazon Technologies, Inc.
sony-asia.com, 
onesignal.com, DATA REDACTED
cableone.net, 
bnc.lt, 
yandex.ru, 
france24.com, FRANCE MEDIAS MONDE
garr.it, 
dotsrc.org, Netic A/S
jnsmedia.fr, 
nyt.com, The New York Times Company
pubnative.net, Verve
ancestry.com, Ancestry.com Operations Inc.
getmysa.com, EMPOWERED HOMES
waze.com, Google LLC
brain-sharper.com, Domains By Proxy, LLC
netflixdnstest7.com, Netflix, Inc.
vidora.com, 
thisamericanlife.org, 
stackadapt.com, Collective Roll
seflow.it, 
gearsofwar.net, Microsoft Corporation
sopitasdeportes.com, 
reliableservers.com, Jewella Privacy LLC Privacy ID# 11491303
wiredns.net, REDACTED FOR PRIVACY
pocket-image-cache.com, Privacy service provided by Withheld for Privacy ehf
onelink.me, Domains By Proxy, LLC
foursquare.com, Foursquare Labs, Inc.
vivint.com, Domains By Proxy, LLC
fastlylb.net, Fastly
truebill.com, Truebill, Inc.
apple-cloudkit.com, Apple Inc.
splkmobile.com, Splunk, Inc.
revcontent.com, REDACTED FOR PRIVACY
cortana.ai, 
myacurite.com, Domains By Proxy, LLC
akadns6.net, Akamai Technologies, Inc.
thirdiron.com, Contact Privacy Inc. Customer 7151571251
page.link, Google LLC
wistia.net, Wistia
recaptcha.net, Google LLC
ctedgecdn.net, CAST TIME
adknit.com, Privacy service provided by Withheld for Privacy ehf
cnn.net, Turner Broadcasting System, Inc.
powvideo.net, Super Privacy Service LTD c/o Dynadot
movpod.in, -
gorillavid.in, 
tripadvisor.com, TripAdvisor LLC
gwallet.com, Domains By Proxy, LLC
xtgreat.com, Domain Protection Services, Inc. 
aljazeera.net, DNStination Inc.
keen.io, Keen.io LLC
netflixdnstest10.com, Netflix, Inc.
yetwp.com, Privacy service provided by Withheld for Privacy ehf
strava.com, Domains By Proxy, LLC
slack-edge.com, Slack Technologies, Inc.
bouyguesbox.fr, 
6cloud.fr, 
bouygtel.fr, 
tf1.fr, 
m6web.fr, 
spideo.com, Identity Protection Service
bouyguestelecom.fr, 
bytel.fr, 
francetelevisions.fr, 
filmotv.fr, 
clashofclans.com, Domains By Proxy, LLC
vevoprd.com, Identity Protection Service
panoramio.com, Google LLC
weatherlive.info, Apalon, LLC
b17g.services, TV4 AB
inmobi.com, Identity Protection Service
ib-ibi.com, 
entertainow.com, DNStination Inc.
vdo.ai, 
shareaholic.com, Domains By Proxy, LLC
stackpathcdn.com, NetDNA, LLC.
chatango.com, Chatango LLC.
samsungapps.com, 
samsungpositioning.com, 
connatix.com, Connatix
cuebiq.com, Domains By Proxy, LLC
lionairthai.com, Domains By Proxy, LLC
hkexpress.com, Hong Kong Express Airways Limited
apptrk.io, Privacy service provided by Withheld for Privacy ehf
evenue.net, 
tbnetwork.im, 
southwest.com, Southwest Airlines Co.
mobileadtrading.com, Domains By Proxy, LLC
c2a.in, 
56txs4.com, Identity Protection Service
cargurus.com, Domains By Proxy, LLC
srvtwelve.com, Redacted for Privacy Purposes
tmol.io, Ticketmaster
anchor.fm, 
control4.com, 
spbtv.com, SPB TV AG 
firefoxusercontent.com, Mozilla Corporation
iubenda.com, Iubenda Srl
footprintdns.com, Microsoft Corporation
mb-cosmos.com, Domains By Proxy, LLC
office.net, Microsoft Corporation
openstreetmap.org, OpenStreetMap Foundation
zoho.com, ZOHO Corporation Private Limited
pdfarchitect.org, Avanquest pdfforge GmbH
tecnica-formazione-sicurezza.eu, 
hifuntv.com, 
shopbop.com, BOP LLC
telkku.com, Alma Media Oyj
smardroid.com, 
mtg-api.com, Not Disclosed
bmo.com, Not Disclosed
expedia.com, Expedia, Inc
thinknearhub.com, Domains By Proxy, LLC
socialelitelab.com, 
admixer.net, Domains By Proxy, LLC
lum-superproxy.io, Domains By Proxy, LLC
mxpnl.com, Redacted for Privacy Purposes
sceneddl.online, GDPR Masked
pirateproxy.live, See PrivacyGuardian.org
filmsofts.com, Whois Privacy Corp.
rmz.cr, 
audible.de, 
fonts.net, Domains By Proxy, LLC
heapanalytics.com, Heap Inc
safedk.com, Domains By Proxy, LLC
aerserv.com, Identity Protection Service
sumo.com, 
piazza.com, Domains By Proxy, LLC
keybaseapi.com, Identity Protection Service
subscene.com, Privacy service provided by Withheld for Privacy ehf
homewizard.com, HomeWizard B.V.
cognet.tv, 
official-coupons.com, Identity Protection Service
amzns2s.com, Identity Protection Service
awsstatic.com, Amazon Technologies, Inc.
livejasmin.com, Docler IP S.a r.l.
grafana.com, REDACTED FOR PRIVACY
bustle.com, 
newshog.co, Domains By Proxy, LLC
shifen.com, Baidu Online Network Technology Co.Ltd
wsimg.com, Domains By Proxy, LLC
joebiden.com, DNC Services Corporation
tapjoy.com, Domains By Proxy, LLC
ssacdn.com, Redacted for Privacy Purposes
vungle.com, REDACTED FOR PRIVACY
tenjin.io, Privacy service provided by Withheld for Privacy ehf
secb2b.com, 
umeng.com, 
machbird.com, 
cpcphone.com, Domains By Proxy, LLC
gameanalytics.com, 
wirelessregistry.com, PricewaterhouseCoopers LLP
33across.com, 
whitepages.com, 
callapp.com, 
ovrc.com, 
securecomwireless.com, 
torguard.org, Domains By Proxy, LLC
btguard.com, Privacy service provided by Withheld for Privacy ehf
ngi.it, 
onecomm.bm, Bermuda Digital Communications Ltd.
icpnet.pl, 
telenor.hu, 
time.net.my, 
telecom.sk, 
gowarriorathletics.com, Domains By Proxy, LLC
google.com.tw, 
usa-streams.com, Not Disclosed
hiyaapi.com, Identity Protection Service
t-mobile.com,  Deutsche Telekom AG 
vodafone.com, Vodafone Group Plc
oneplus.net, 
cineplex.com, Cineplex Entertainment
epocrates.com, 
animelab.com, Identity Protection Service
dnaip.fi, 
gracedigital.com, Identity Protection Service
open-telekom-cloud.com,  Deutsche Telekom AG 
hicloud.com, 
247mahjong.com, Domains By Proxy, LLC
cloudinary.com, Domains By Proxy, LLC
justinstalledpanel.com, ISPsystem LLC
visualstudio.com, Microsoft Corporation
stripe.com, 
cdn-net.com, American Express Travel Related Services Company, Inc.
districtm.io, Domains By Proxy, LLC
qualaroo.com, Domains By Proxy, LLC
oceanwp.org, Domains By Proxy, LLC
lgblog.fr, 
slack-imgs.com, Slack Technologies, Inc.
cornell.edu, 
mit.edu, 
trustwave.com, Domains By Proxy, LLC
newscgp.com, News Limited
rudderlabs.com, Domains By Proxy, LLC
qustodio.com, 
flexihostings.net, 
giserver.info, 
redstation.co.uk, 
superawesome.tv, 
outturner.com, Turner Broadcasting System, Inc.
revjet.com, 
hayabusa.io, CyberAgent, Inc.
ameba.jp, 
woxcdn.com, 
xhcdn.com, Privacy service provided by Withheld for Privacy ehf
chaturbate.com, DATA REDACTED
cetusplay.com, Domains By Proxy, LLC
etahub.com, Whois Privacy (enumDNS dba)
keepa.com, Privacy service provided by Withheld for Privacy ehf
basis.net, Privacy service provided by Withheld for Privacy ehf
wcfbc.net, Webtrekk GmbH
vox.de, 
eurosport.com, EUROSPORT
bestbuy.com, BBY Solutions, Inc.
livesegmentservice.com, ESPN, Inc.
oath.com, Yahoo IP Holdings LLC
asus.com, ASUSTeK COMPUTER INC.
cheddar.com, Identity Protection Service
kik.com, Domains By Proxy, LLC
dropboxcaptcha.com, Dropbox, Inc.
giq-viz-img-amazon.com, Amazon Technologies, Inc.
media-allrecipes.com, Meredith Operations Corporation
247-inc.net, Domains By Proxy, LLC
hostanalytics.com, 
contentdirect.tv, 
disneyinternational.com, Disney Enterprises, Inc.
flarecloud.net, Identity Protection Service
tvaddons.co, Domains By Proxy, LLC
toasttab.com, 
smartstudy.co.kr, 
nhlstatic.com, REDACTED FOR PRIVACY
lda.xyz, Domain Protection Services, Inc.
met.no, 
rainmachine.com, Domains By Proxy, LLC
ceskatelevize.cz, 
purch.com, Future Publishing Limited
dashlane.com, Dashlane USA Inc.
isprog.com, 
binance.us, BAM Technology Services Inc.
raumfeld.com, 
icfcdn.com, 
agedbuddha.com, Contact Privacy Inc. Customer 0166868003
epson.net, Seiko Epson Corporation
swedish-academy.org, 
plum.wine, Privacy service provided by Withheld for Privacy ehf
88-f.net, Contact Privacy Inc. Customer 7151571251
tynt.com, Contact Privacy Inc. Customer 0118059420
gameloft.com, GAMELOFT SE
nabu.casa, Privacy service provided by Withheld for Privacy ehf
nabucasa.com, Privacy service provided by Withheld for Privacy ehf
nova.cz, 
cra.cz, 
macromill.com, Macromill, Inc.
comodoca4.com, Comodo Group, Inc.
histats.com, wisecode s.r.l.
freedocast.com, 
meetrics.net, 
itvonline.nl, 
ra3ncmyg1p.com, Privacy service provided by Withheld for Privacy ehf
socialgazette.com, Domains By Proxy, LLC
o5o4o6.com, 
netdna-cdn.com, NetDNA, LLC.
apptentive.com, Domains By Proxy, LLC
bottlerocketservices.com, Identity Protection Service
viaplay.fi, 
datadome.co, DATADOME
nemslinux.com, REDACTED FOR PRIVACY
coder.com, Domains By Proxy, LLC
logitech.com, Logitech Intl. SA
a-msedge.net, Microsoft Corporation
vrv.co, CRUNCHYROLL, LLC
spotxcdn.com, 
smithsoniandigital.com, SNI SI Networks LLC
dedibox.fr, 
reutersmedia.net, Thomson Reuters Enterprise Centre GmbH
forecast.io, Apple Inc.
jwpcdn.com, Domains By Proxy, LLC
rtve.es, 
appstmira.eu, 
pulseway.com, Domains By Proxy, LLC
vivintsky.com, Domains By Proxy, LLC
spacemonkey.com, 
samsungadhub.com, Edoms LLC
indexww.com, 
slkimg.com, Contact Privacy Inc. Customer 7151571251
indigodomo.net, Domain Protection Services, Inc. 
bensoftware.com, GDPR Masked
sc-prod.net, DNStination Inc.
adition.com, Virtual Minds AG
uktv.co.uk, 
stv.tv, 
aljazeera.com, DNStination Inc.
docker.io, Docker Inc.
metronetinc.com, 
mikrotec.com, REDACTED FOR PRIVACY
miamioh.edu, 
automatic.com, SiriusXM Radio Inc.
ifttt.com, Domains By Proxy, LLC
ecouser.net, 
revenuecat.com, REDACTED FOR PRIVACY
hubitat.com, Contact Privacy Inc. Customer 7151571251
room84.ch, 
paradise-distribution.com, Paradise Entertainment & Distribution GmbH
aboveandbeyond.nu, 
entale.co, ENTALE MEDIA LIMITED
podcastone.com, REDACTED FOR PRIVACY
thequantifiedbody.net, 
vidazoo.com, Domains By Proxy, LLC
nocturnalradio.org, Data Protected
kyauandalbert.com, Kyau & Albert GbR
podomatic.com, REDACTED FOR PRIVACY
intel.com, Intel Corporation
rfi.fr, 
soletechnology.com, Domains By Proxy, LLC
slacker.com, Contact Privacy Inc. Customer 7151571251
galaxie.ca, REDACTED FOR PRIVACY
navyfederal.org, Identity Protection Service
sophosupd.com, Sophos Ltd.
utorrent.com, Domains By Proxy, LLC
bittorrent.com, BitTorrent Inc
nzbgeek.info, 
adj.st, 
opentable.com, OpenTable, Inc.
ticketmaster.ca, 
verizonwireless.com, Verizon Trademark Services LLC
bumble.com, Badoo Media Limited
hoteles.com, Not Disclosed
bird.co, BIRD RIDES, INC.
ondemand.com, SAP SE
transmissionbt.com, SafeWhois.ca Whois Privacy Service
mastercabo.com.br, 
baltnet.ru, 
ihug.co.nz, 
omlinux.info, See PrivacyGuardian.org
adincube.com, NameBrightPrivacy.com
gc-internal.net, Privacy service provided by Withheld for Privacy ehf
tnt-ea.com, Electronic Arts Inc.
ups.com, United Parcel Service of America, Inc.
feedly.com, DevHD Inc.
netrange.com, NetRange MMH GmbH
tventry.com, 
btncdn.com, Identity Protection Service
melon.co.kr, 
cjenm.com, 
pjiptn.com, Privacy service provided by Withheld for Privacy ehf
quilvem.com, Privacy service provided by Withheld for Privacy ehf
teads.tv, 
algolia.net, 
section.io, Domains By Proxy, LLC
de.com, REDACTED FOR PRIVACY
spiegel.de, 
kastenfisch.de, 
conative.de, 
usabilla.com, Identity Protection Service
wral.com, 
bn765.com, NAMCO BANDAI Games Inc.
playmakerservices.com, NBCUniversal Media, LLC
dotscreen.com, Redacted for GDPR
rttnx.net, Red Bull GmbH
mycloud.com, Western Digital
rapidgator.net, Whois Privacy Corp.
musixmatch.com, Musixmatch SPA
enosishermes.com, Domains By Proxy, LLC
360overseas.com, Privacy service provided by Withheld for Privacy ehf
bikersbash.com, Privacy service provided by Withheld for Privacy ehf
onyphe.io, Onyphe
research.com, Domain Protection Services, Inc. 
sparqnet.net, 
parallaxv.com, 
axntechnologies.in, IAXN Telecom Pvt. Limited
versatel.nl, 
speedy.net.pe, 
contabo.host, Contabo GmbH
177.in-addr.arpa, 
myrepublic.com.sg, 
ts-astra.ru, 
cooolbox.bg, 
ip-176-31-248.eu, 
cloud-home.me, 
bom.gov.au, 
zerotier.com, Privacy service provided by Withheld for Privacy ehf
oraclejava.net, DATA REDACTED
corusdigitaldev.com, Identity Protection Service
dictionary.com, Dictionary.com, LLC
rackcdn.com, Rackspace US, Inc.
sky.ch, 
prxu.org, Contact Privacy Inc. Customer 0138737187
myportfolio.com, Adobe Inc.
kcrw.com, 
realtor.com, 
nchc.tv, 
unrulymedia.com, Unruly Group Ltd
mbtace.com, Identity Protection Service
fon.com, Domains By Proxy, LLC
moovitapp.com, Domains By Proxy, LLC
samsungepa.com, Identity Protection Service
aerisapi.com, Domains By Proxy, LLC
pwnedpasswords.com, REDACTED FOR PRIVACY
samsungknowledge.com, 
tsp.li, 
bnr.nl, 
divicon-stream.net, 
divicon-stream.com, 
bigstar.tv, 
feelinsonice.com, DNStination Inc.
rapidvideo.com, Motion Picture Association, Inc.
rainierland.is, 
cdnfile.info, Privacy service provided by Withheld for Privacy ehf
pubfilm.is, 
thenailfiles.co.uk, 
sift.co, NA
articlesvally.com, Domains By Proxy, LLC
kataweb.it, 
nbcnews.com, NBCUniversal Media, LLC
ozsn.net, Privacy service provided by Withheld for Privacy ehf
hotstar-cdn.net, Identity Protection Service
akamaitech.net, Akamai Technologies, Inc.
telegram.org, Domains By Proxy, LLC
quad9.net, REDACTED FOR PRIVACY
phoscon.de, 
gymondo.de, 
buzzsprout.com, Private by Design, LLC
phyn.com, Domains By Proxy, LLC
wistia.com, Wistia
mobfox.com, Identity Protection Service
samsunghealth.com, 
ikonkek2.com, Identity Protection Service
ikea.net, Inter IKEA Systems B.V.
teslaenergy.services, Tesla Motors
voipalarm.com, Domains By Proxy, LLC
dediseedbox.com, 
scalabledns.com, Whois Privacy Protection Service, Inc.
vodafone.cz, 
netplus.co.in, NETPLUS BROADBAND SERVICES PVT. LTD
leaseweb.com, REDACTED FOR PRIVACY
paddock-pc.com, DATA REDACTED
kipp.nz, 
myanonamouse.net, Whois Privacy Protection Service, Inc.
passthepopcorn.me, Whois Privacy Corp.
jproxies.xyz, 
aciravingfan.com, 
dynoquant.com, 
cue.cloud, CCI Europe A/S
criptonube.com, Domains By Proxy, LLC
narewt.ru, 
mtpars.xyz, 
foodmoves.me, Domains By Proxy, LLC
getpublica.com, Integral Ad Science, Inc.
froyogogo.com, 
vauctions.com, REDACTED FOR PRIVACY
celulardireto.com.br, 
insoftar.com.co, intelligent software architecture sas
channeladvisor.com, 
nip.io, Exentrique Solutions Ltd
levyjewelers.com, Domains By Proxy, LLC
plusregistry.org, Domains By Proxy, LLC
terrafui.com, 
vbspbx.com, Vonage America LLC
skyq.info, Sky Limited
monkeybrains.net, Monkey Brains
hunterdouglas.com, Hunter Douglas
hughes.net, 
cprapid.com, REDACTED FOR PRIVACY
pi-charter.net, Charter Communications Operating, LLC
digitalgov.gov, 
triple-it.nl, 
ip-51-38-83.eu, 
di.fm, 
metabroadcast.com, Domain Protection Services, Inc. 
messagelabs.com, CA, Inc.
ib0x.org, 
uptimerobot.com, Domains By Proxy, LLC
warezwaldo.org, 
getpiper.com, Alarm.com
flosecurecloud.com, Domains By Proxy, LLC
flotech.co, Domains By Proxy, LLC
ipinfodb.com, Domains By Proxy, LLC
tvr-ddns.net, Domains By Proxy, LLC
epson.biz, Seiko Epson Corporation
hik-online.com, 
vianaaws.jp, 
fdt.us, 
mtproto.world, 
kalay.net.cn, 
anki.com, Anki, Inc.
mobdro.sx, 
scpr.org, Domains By Proxy, LLC
myopenhab.org, 
notifiarr.com, 
servarr.com, Privacy service provided by Withheld for Privacy ehf
gtdb.to, 
torrentfunk.com, Whois Privacy Corp.
limetorrents.pro, Privacy service provided by Withheld for Privacy ehf
eztv.re, 
bryant.com, Carrier Global Corporation
stownpodcast.org, Serial Productions, LLC
hualaikeji.com, 
raspberrypi.org, Raspberry Pi Foundation
4store.com, Identity Protection Service
icflix.com, 
yousee.tv, 
watchaid.tv, 
psdops.com, Domains By Proxy, LLC
libsynpro.com, Contact Privacy Inc. Customer 0141421517
serialpodcast.org, Serial Productions, LLC
gimletmedia.com, Spotify AB
cmore.se, 
radioarizonarv.com, Contact Privacy Inc. Customer 7151571251
theteslashow.com, Contact Privacy Inc. Customer 0142793970
techcastdaily.com, TECHCAST DAILY
unblockninja.com, REDACTED FOR PRIVACY
torrentleech.org, Privacy service provided by Withheld for Privacy ehf
zaijia.com, 
jomodns.com, Baidu Online Network Technology Co.Ltd
baseng.top, 
bitcoinstats.com, Super Privacy Service LTD c/o Dynadot
nuki.io, Nuki Home Solutions GmbH
homeseer.com, Domain Protection Services, Inc. 
warnerbros.com, Warner Bros. Entertainment Inc.
ultraseedbox.com, Domains By Proxy, LLC
switch-bot.com, Domains By Proxy, LLC
dimsum.party, 
suibian.mobi, 
telia.net, TeliaSonera AB
thisisdax.com, 
quebyte.net, QueByte Network Services
b5p.us, The Beanstalks Project ehf.
pagekite.net, The Beanstalks Project ehf.
my-gogogate.com, REMSOL EUROPE SL
remsoleurope.com, Remsol Europe, S.L.
gogriddy.com, Domains By Proxy, LLC
roadkeel.com, Domains By Proxy, LLC
binaryedge.ninja, Coalition, Inc
openportstats.com, Domain Protection Services, Inc. 
gm.ca, 
arubacloud.com, REDACTED FOR PRIVACY
inversepath.com, 
rotek.ru, 
videoseeing.com, 
zhaomiju.com, Redacted for privacy
88110k.cn, 
uu.hn, 
xinhaizhiye.com.cn, 
lipperhey.com, REDACTED FOR PRIVACY
accdy.cn, 
optipacetech.com, 
20hb.com, 
0ni.red, 
kat.li, 
s.net.pl, 
journalbroadcastgroup.com, The E. W. Scripps Company
rayjump.com, 
bloomsky.com, Domains By Proxy, LLC
formpipe.com, FormPipe Software AB
tbn.org, Trinity Broadcasting Network
enlacetelecom.com.br, 
tum.de, 
virtual1.co.uk, 
airtel.net, Vodafone Espa√±a, S.A.U.
flexitive.com, Domains By Proxy, LLC
myfairpoint.net, REDACTED FOR PRIVACY
aspadmin.net, 
tequilaboomboom.club, Domains By Proxy, LLC
pacswitch.com, 
jovision.com, 
aqara.cn, 
livedrive.com, J2 Global Ventures, LLC
fibaro.com, FIBAR GROUP S.A.
scientific.de, 
carrierzone.com, Deluxe Small Business Sales, Inc. Aplus.net
chefsteps.com, Breville Pty Ltd
vennemindenet.dk, 
kohler.com, Kohler Co.
stringify.com, Privacy service provided by Withheld for Privacy ehf
inspectlet.com, 
atom.io, GitHub, Inc.
foxtel.com.au, 
eero.com, Identity Protection Service
av380.net, 
av380.cn, 
iplogin.ca, REDACTED FOR PRIVACY
olivalabs.com, Contact Privacy Inc. Customer 0131351105
overkiz.com, Overkiz SAS
oakter.com, Contact Privacy Inc. Customer 7151571251
bosch.de, 
pumpspy.com, Pumpspy Technology, LLC
hostedgraphite.com, Privacy service provided by Withheld for Privacy ehf
scalyr.com, Domains By Proxy, LLC
devicetask.com, Alarm.com
radioroku.com, Roku, Inc.
bosch-smarthome.com, Robert Bosch GmbH
discovergy.com, Discovergy GmbH
telegate.com.sg, 
currant.com, Privacy service provided by Withheld for Privacy ehf
zswitch.net, Domains By Proxy, LLC
fonet.dk, 
pix-star.com, 
mynuheat.com, nVent Management Company
infopbx.net, REDACTED FOR PRIVACY
iqolsys.com, Tyco Fire & Security GmbH
anymilight.com, 
ogemray-server.com, 
hivehome.com, CENTRICA PLC
