src_category,generic_category,src_vendor,comments,generic categories,examples
3D Printer,Computer,['octoprint' 'raspberry-pi' 'google'],drop octoprint,Computer,Laptop/computer
3D Printer Controller,Computer,['raspberry-pi'],,Router,"Any networking device for e.g. router, access point, extender, mesh router, Internet Gateway"
3D Printer Server,Computer,['raspberry-pi'],,Mobile Device ,"Phone, Tablet, E-readers"
AV Receiver,Media/TV,['denon' 'onkyo' 'yamaha' 'marantz' 'pioneer' 'apple' 'tivo' 'sony'],,Wearable,"Smartwatch, hand ring, or band"
AVR-S720W,Media/TV,['denon'],,Game Console,"Xbox, Play station"
Access Point,Router,['asus'],,Home Automation,"Anything related to smart lights, switches, plugs, strips, window sensors, weather sensor, thermostat, garage door opener, smart lock, air purifier, vacuum etc"
Air Conditioner,Home Appliance ,['ecobee' 'samsung'],,Storage,"NAS, or anything that could store media which could be streamed somewhere over the network
DLNA DMS (Digital Media Server)"
Air Purifier,Home Appliance ,['vocol'],,Surveillance,"Any smart/IP camera, or smart doorbell"
Air Quality Monitor,Generic IoT,['koogeek' 'awair' 'netatmo'],,Work Appliance,"Printer, fax"
Air Quality Sensor,Generic IoT,['netatmo'],,Voice Assistant,"Any speaker based voice assistant, Nest Hub and Echo show,"
AirPurifier,Home Appliance ,['belkin'],,Vehicle,"Cars, and other vehicles"
Amplifier,Media/TV,['denon' 'yamaha'],,Media/TV,"Streamers, smart TVs, and voice assistant with display for e.g. DLNA DMR (Digital Media Renderer), also the case of both DMS and DMR, and any Receiver, smart speakers, and audio streamers, Internet radio device"
Android Device,Mobile Device ,['samsung' 'asus' 'oculus'],,Home Appliance ,"Smart refridgerator, coffe maker, AC, Purifier, etc."
Android TV,Media/TV,['amazon'],,Generic IoT,"toothbrush, medical devices, and anything that doesn't fit in the above categories but it's and IoT."
Apple TV,Media/TV,['apple' 'netgear' 'nest'],,Other,Can't say if it's IoT
AppleTV,Media/TV,['apple'],,,
Audio Amplifier,Media/TV,['denon' 'onkyo' 'sony'],,,
Audio Device,Media/TV,"['sonos' 'denon' 'marantz' 'lg' 'onkyo' 'yamaha' 'sony' 'devialet' 'vizio'
 'bose' 'naim audio']",,,
Audio Player,Media/TV,['sonos'],,,
Audio Receiver,Media/TV,"['onkyo' 'sonos' 'yamaha' 'denon' 'google' 'marantz' 'pioneer' 'sony'
 'naim audio']",,,
Audio Streamer,Media/TV,['bluesound' 'google' 'fon' 'sonos'],,,
Audio Streaming Device,Media/TV,['bluesound' 'google' 'sonos' 'bose'],,,
Audio/Video Receiver,Media/TV,['denon'],,,
Axis,Surveillance,['axis'],,,
Backup Device,Computer,['apple'],,,
Belkin Insight,Home Automation,['belkin'],,,
Belkin WeMo,Home Automation,['belkin'],,,
Belkin WeMo LightSwitch,Home Automation,['belkin'],,,
Belkin WeMo Link,Home Automation,['belkin'],,,
Belkin Wemo,Home Automation,['belkin' 'raspberry-pi' 'synology'],"Remove Synology? NAS/Router
raspberry-pi? Computer",,
Belkin Wemo Dimmer,Home Automation,['belkin'],,,
Belkin Wemo Insight,Home Automation,['belkin'],,,
Belkin Wemo Light Switch,Home Automation,['belkin'],,,
Belkin Wemo LightSwitch,Home Automation,['belkin'],,,
Belkin Wemo Link,Home Automation,['belkin'],,,
Belkin Wemo Mini,Home Automation,['belkin'],,,
Belkin Wemo Socket,Home Automation,['belkin'],,,
Blu-ray Player,Media/TV,['sony' 'panasonic' 'samsung'],,,
Bluetooth Extender,Home Automation,['eve'],,,
Bose SoundTouch,Media/TV,['bose'],,,
Bose SoundTouch & Spotify Connect,Media/TV,['bose'],,,
Button Hub,Home Automation,['logi'],,,
Cable Box,Media/TV,['arris'],,,
Camera,Computer,['raspberry-pi'],,,
Canon Printer,Work Appliance,['canon'],,,
Cell Phone,Mobile Device ,['samsung' 'lg' 'google' 'apple' 'motorola' 'huawei' 'oneplus'],,,
Cellular Phone,Mobile Device ,['apple'],,,
Chromecast,Media/TV,['google'],,,
Climate Sensor,Generic IoT,['netatmo'],,,
Computer,Computer,"['apple' 'plex' 'microsoft' 'dell' 'lenovo' 'asus' 'gigabyte' 'xiaomi'
 'hp' 'samsung']",,,
ConnectSense Outlet,Home Automation,['connect'],,,
DIRECTV,Media/TV,['directv'],,,
DLNA,Media/TV,['directv' 'sonos'],,,
DLNA DMR,Media/TV,['amazon' 'microsoft' 'samsung' 'lg' 'yamaha' 'sony' 'onkyo'],,,
DLNA DMR and Samsung TV,Media/TV,['samsung'],,,
DLNA DMR/DMS,Media/TV,['western digital'],,,
DLNA DMS,Storage,"['western digital' 'panasonic' 'microsoft' 'philips' 'silicondust'
 'synology' 'arris']",,,
DLNA Media Server,Storage,['plex'],,,
DLNA Server,Storage,['plex'],,,
DLNA_DMR and DLNA_DMS,Media/TV,['directv' 'apple'],,,
DLNA_DMR and Spotify Connect,Media/TV,['samsung'],,,
"DLNA_DMR, Google Cast, Spotify Connect",Media/TV,['sony'],,,
DLNA_DMS,Storage,"['western digital' 'plex' 'icp' 'synology' 'arris' 'dlink' 'seagate'
 'dell' 'microsoft' 'samsung' 'fetch' 'qnap' 'directv' 'apple' 'netgear'
 'marantz' 'silicondust' 'panasonic' 'buffalo' 'philips' 'sonos' 'amazon'
 'avm' 'micro' 'systems' 'iomega' 'cie' 'denon' 'cisco']","discard amazon storage 
change directv to Media/TV",,
DLNA_DMS and Sonos,Media/TV,['sonos'],,,
DLNA_DMS/DLNA_DMR,Media/TV,['technicolor'],,,
DVD Player,Media/TV,['samsung' 'sony'],,,
DVR,Media/TV,['directv' 'tivo' 'arris'],,,
DVR (Digital Video Recorder),Media/TV,['tivo' 'directv'],,,
DVR Streamer,Media/TV,['samsung' 'tivo'],,,
DVR/Media Player,Media/TV,['tivo'],,,
Dehumidifier,Home Appliance ,['belkin'],,,
Desktop Computer,Computer,['microsoft' 'apple' 'hp' 'home' 'asus' 'dell' 'asrock' 'intel' 'gigabyte'],drop 'home' where it's not in 'Home Automation',,
Desktop PC,Computer,['hp' 'microsoft' 'apple' 'dell' 'asus'],,,
Diffuser,Home Appliance ,['vocol'],,,
Digital Media Player,Media/TV,['apple'],,,
Digital Media Recorder,Media/TV,['tivo'],,,
Digital Media Streamer,Media/TV,['apple'],,,
Digital Radio Hotspot,Computer,['raspberry-pi'],raspberry-pi? Computer,,
Digital TV Receiver,Media/TV,['wistron neweb'],,,
Digital Video Recorder (DVR),Media/TV,['arris'],,,
Dimmer,Home Automation,['belkin'],,,
Dimmer Switch,Home Automation,['leviton' 'idevices'],,,
Dishwasher,Home Appliance ,['lg' 'miele' 'samsung'],,,
Door Lock,Home Automation,['koogeek'],,,
Doorbell,Surveillance,['skybell' 'ring' 'wyze' 'nest' 'hikvision'],,,
Doorbell Camera,Surveillance,['ring' 'skybell' 'simplisafe'],,,
E-Reader,Mobile Device ,['amazon'],,,
Echo Dot,Voice Assistant,['amazon'],,,
Echo Show,Voice Assistant,['amazon'],,,
Environmental Monitor,Generic IoT,['ihome' 'netatmo'],,,
Environmental Sensor,Generic IoT,['netatmo'],,,
Ethernet Extender,Router,['tplink'],,,
Ethernet Switch,Router,['tplink'],,,
FRITZ!Box,Router,['avm'],,,
FRITZ!Powerline 1260E,Router,['avm'],,,
FRITZ!Powerline 546E,Router,['avm'],,,
FRITZ!WLAN Repeater 1750E,Router,['avm'],,,
FRITZ!WLAN Repeater DVB-C,Router,['avm'],,,
Fritzbox,Router,['avm'],,,
Frontier Silicon,Media/TV,['frontier silicon'],,,
Game Console,Game Console,['microsoft' 'sony' 'nvidia'],,,
Gaming Console,Game Console,['microsoft' 'sony' 'wistron neweb' 'spotify' 'nvidia'],drop spotify,,
Garage Door Controller,Home Automation,['chamberlain'],,,
Garage Door Opener,Home Automation,['chamberlain'],,,
Google Cast,Media/TV,"['vizio' 'google' 'nvidia' 'jbl' 'sony' 'onkyo' 'amazon' 'apple' 'freebox'
 'raspberry-pi' 'xiaomi' 'toshiba' 'insignia' 'microsoft' 'nintendo']",raspberry-pi > computer,,
Google Cast & Spotify Connect,Media/TV,['google' 'nvidia'],,,
Google Cast Group,Media/TV,['google'],,,
Google Cast and HomeKit,Media/TV,['google' 'vizio'],,,
Google Cast and Homekit,Media/TV,['vizio'],,,
Google Cast and Plex Media Server,Media/TV,['nvidia'],,,
Google Cast and Spotify Connect,Media/TV,['sony' 'onkyo'],,,
"Google Cast, Homekit",Media/TV,['vizio'],,,
"Google Cast, Spotify Connect",Media/TV,['nvidia'],,,
Google Home,Voice Assistant,['google'],,,
Google Home Hub,Voice Assistant,['google'],,,
Google Home Mini,Voice Assistant,['google'],,,
Google Nest Hub,Voice Assistant,['google'],,,
Google_Cast,Media/TV,['google'],,,
Google_cast,Media/TV,['google'],,,
HDHomeRun PRIME,Media/TV,['silicondust'],,,
HP Printer,Work Appliance,['apple' 'hp' 'raspberry-pi'],raspberry-pi? Computer,,
HTPC (Home Theater Personal Computer),Media/TV,['asrock'],,,
Harmony,Home Automation,['logitech'],,,
Harmony Hub,Home Automation,['logitech' 'samsung'],,,
Heater,Home Appliance ,['belkin' 'sonos'],,,
HiFi System,Media/TV,['yamaha'],,,
Hikvision,Surveillance,['hikvision'],,,
Home Assistant,Home Automation,['home' 'homeassistant' 'raspberry-pi'],raspberry-pi? Computer,,
Home Assistant Bridge,Home Automation,['home'],,,
Home Automation,Home Automation,['raspberry-pi' 'telldus' 'openhab' 'home assistant' 'home'],,,
Home Automation Bridge,Home Automation,['soma'],,,
Home Automation Controller,Home Automation,['raspberry-pi' 'telldus'],,,
Home Automation Device,Home Automation,['home' 'raspberry-pi' 'logitech'],,,
Home Automation Gateway,Home Automation,['fibaro'],,,
Home Automation Hub,Home Automation,"['eq3' 'ecobee' 'raspberry-pi' 'home assistant' 'lutron' 'homebridge'
 'home' 'logitech' 'hubitat']",,,
Home Automation System,Computer,['raspberry-pi'],,,
Home Server,Computer,['microsoft' 'asus' 'hp'],,,
Home Theater Receiver,Media/TV,['denon'],,,
Home Theatre Receiver,Media/TV,['denon' 'pioneer' 'yamaha'],,,
HomeAssistant iOS,Voice Assistant,['apple'],,,
HomeBridge,Home Automation,['homebridge'],,,
HomeKit,Home Automation,['apple' 'lifx' 'raspberry-pi' 'belkin'],"apple homeKit? HomePod/Mini > voice assistant
raspberry-pi? Computer",,
HomeKit Bridge,Home Automation,['philips'],,,
HomeKit Controller,Home Automation,['homebridge'],,,
HomeKit Hub,Home Automation,['eve' 'apple'],,,
Homebridge Server,Computer,['apple'],,,
Homekit,Home Automation,"['belkin' 'philips' 'idev' 'honeywell' 'lifx' 'netatmo' 'bosch' 'tado'
 'rachio' 'apple' 'lightwave' 'dlink' 'soma' 'lutron' 'leviton'
 'chamberlain' 'koogeek' 'raspberry-pi' 'ihome' 'vocol' 'idevices' 'eve'
 'vizio' 'tplink' 'netgear' 'mysa' 'connect' 'sensi' 'logi' 'ecobee' 'myq'
 'parce' 'openhab' 'nanoleaf' 'mystrom' 'neeo' 'synology' 'rach'
 'rainmachine' 'eufy' 'brilliant' 'eton' 'overkiz']","change vizio to Media/TV
change rachio to Generic-IoT
discard rach",,
Homekit Bridge,Media/TV,['logi' 'plex'],,,
Humidifier,Home Appliance ,['belkin'],,,
IGD,Router,['apple' 'netgear'],,,
IKEA TRADFRI,Home Automation,['netgear' 'ikea'],,,
IP Camera,Surveillance,['dlink' 'raspberry-pi' 'samsung'],,,
IPTV Box,Media/TV,['apple'],,,
Indoor Camera,Surveillance,['belkin'],,,
Internet Gateway Device,Router,['apple' 'google' 'tplink'],,,
Internet Gateway Device (IGD),Router,['avm'],,,
Internet Radio,Media/TV,['bose' 'logitech' 'grace digital'],,,
InternetGatewayDevice,Router,"['askey' 'apple' 'netgear' 'google' 'arcadyan' 'tplink' 'avm' 'ring'
 'microsoft']",,,
IoT Bridge,Home Automation,['philips' 'ikea' 'raspberry-pi' 'lutron' 'sonos'],change sonos to Media/TV,,
IoT Gateway,Home Automation,['ikea' 'philips' 'microsoft'],Change Microsoft? App running on a PC?,,
IoT Hub,Home Automation,['philips' 'ikea' 'wink'],,,
IoT Sensor,Generic IoT,['apple'],,,
IoT Tablet,Mobile Device ,['microsoft'],,,
Irrigation Controller,Generic IoT,['rachio'],,,
Kodi,Media/TV,['amazon' 'libreelec' 'kodi'],,,
LG Smart TV,Media/TV,['lg'],,,
LIFX A19,Home Automation,['lifx'],,,
LIFX BR30,Home Automation,['lifx'],,,
LIFX Beam,Home Automation,['lifx'],,,
LIFX Candle Color,Home Automation,['lifx'],,,
LIFX GU10,Home Automation,['lifx'],,,
LIFX Mini,Home Automation,['lifx'],,,
LIFX Mini D,Home Automation,['lifx'],,,
LIFX Mini W,Home Automation,['lifx'],,,
LIFX Pls A19,Home Automation,['lifx'],,,
LIFX Tile,Home Automation,['lifx'],,,
LIFX Z,Home Automation,['lifx'],,,
Laptop,Computer,['microsoft' 'lenovo' 'google' 'dell' 'apple' 'intel' 'samsung' 'toshiba'],,,
Laptop Computer,Computer,['apple' 'asus'],,,
Light,Home Automation,['lifx'],,,
Light Bulb,Home Automation,['yeelight' 'tplink' 'philips' 'lifx' 'xiaomi' 'vocol'],,,
Light Bulb Coordinator,Home Automation,['lutron'],,,
Light Controller,Home Automation,['belkin' 'philips'],,,
Light Strip,Home Automation,['lifx'],,,
Light Switch,Home Automation,['tplink' 'leviton' 'belkin' 'idevices' 'mystrom' 'idevice' 'philips'],,,
Light Switch Bridge,Home Automation,['philips'],,,
LightSwitch,Home Automation,['belkin' 'apple'],Apple Light Switch?,,
Lightbulb,Home Automation,['lifx' 'philips' 'koogeek'],,,
Lightbulb Coordinator,Home Automation,['philips'],,,
Lighting,Home Automation,['lifx' 'philips' 'xiaomi'],,,
Lighting Bridge,Home Automation,['ikea'],,,
Lighting Control System,Home Automation,['philips' 'lutron'],,,
Lighting Controller,Home Automation,['philips' 'lutron'],,,
Lighting Device,Home Automation,['xiaomi'],,,
Lighting Hub,Home Automation,['philips'],,,
Lightswitch,Home Automation,['samsung'],,,
Lutron,Home Automation,['lutron'],,,
Media Controller,Media/TV,['logitech'],,,
Media Converter,Media/TV,['silicondust'],,,
Media Gateway,Media/TV,['amazon' 'logitech' 'google' 'arris' 'directv' 'roku' 'plex'],,,
Media Hub,Media/TV,['amazon' 'apple'],,,
Media Player,Media/TV,"['roku' 'microsoft' 'google' 'fetch' 'sony' 'apple' 'amazon' 'tivo'
 'raspberry-pi' 'dell' 'nvidia' 'sonos' 'western digital'
 'frontier silicon' 'panasonic' 'volumio' 'freebox' 'plex' 'dish']",,,
Media Receiver,Media/TV,['denon'],,,
Media Renderer,Media/TV,['onkyo'],,,
Media Server,Media/TV,"['plex' 'directv' 'raspberry-pi' 'nvidia' 'apple' 'western digital' 'hp'
 'synology']",,,
Media Streamer,Media/TV,"['google' 'apple' 'nvidia' 'roku' 'amazon' 'panasonic' 'arris' 'plex'
 'western digital' 'sonos' 'silicondust']",,,
Media Streaming Device,Media/TV,"['amazon' 'google' 'silicondust' 'nvidia' 'apple' 'roku' 'xiaomi' 'telus'
 'azurewave' 'raspberry-pi' 'directv' 'plex' 'fetch' 'sonos']",,,
MediaRenderer,Media/TV,"['yamaha' 'apple' 'onkyo' 'volumio' 'asus' 'sony' 'samsung' 'phorus'
 'denon' 'microsoft']",,,
MediaRenderer and Spotify Connect,Media/TV,['yamaha' 'onkyo'],,,
"MediaRenderer, Tivo DVR, Spotify Connect",Media/TV,['apple'],,,
MediaServer,Media/TV,['directv'],,,
Mesh Router,Router,['google' 'netgear'],,,
Mesh Wi-Fi System,Router,['linksys'],,,
Mobile Device,Mobile Device ,['apple'],,,
Mobile Phone,Mobile Device ,['huawei' 'oneplus' 'samsung' 'apple'],,,
Motherboard,Computer,['asus'],,,
Motion Sensor,Home Automation,['belkin'],,,
Music Player,Media/TV,['sonos'],,,
Music Streamer,Media/TV,['raspberry-pi'],Computer,,
Nanoleaf Aurora,Home Automation,['nanoleaf'],,,
Netatmo Presence,Surveillance,['netatmo' 'apple'],,,
Netatmo-Presence,Surveillance,['netatmo'],,,
Network Appliance,Router,['ubiquiti'],,,
Network Attached Storage,Storage,['qnap'],,,
Network Attached Storage (NAS),Storage,"['synology' 'western digital' 'qnap' 'iomega' 'dell' 'buffalo' 'plex'
 'cie' 'netgear' 'western' 'dlink' 'linksys' 'microsoft' 'seagate']",,,
Network Audio Player,Media/TV,['marantz'],,,
Network Audio Receiver,Media/TV,['onkyo'],,,
Network Bridge,Router,['sonos'],,,
Network Camera,Surveillance,['amazon' 'hikvision' 'axis' 'netatmo' 'samsung' 'belkin'],,,
Network Gateway,Computer,['raspberry-pi'],,,
Network Monitor,Computer,['raspberry-pi'],,,
Network Monitoring Device,Mobile Device ,['fing'],,,
Network Music Player,Media/TV,['sonos'],,,
Network Router,Router,['technicolor' 'devolo'],,,
Network Security Device,Mobile Device ,['fing'],discard fing,,
Network Server,Computer,['asustek'],,,
Network Storage Device,Storage,['western digital' 'synology' 'buffalo' 'plex'],,,
Network Switch,Router,['amazon' 'hp' 'netgear'],,,
Network TV Tuner,Media/TV,['amazon' 'roku' 'silicondust' 'tivo'],,,
Network Video Recorder,Media/TV,['tivo'],,,
Network Video Recorder (NVR),Media/TV,['amcrest' 'hikvision' 'silicondust'],,,
Networked Audio Device,Media/TV,['sonos'],,,
Networked Media Device,Media/TV,['silicondust'],,,
Networked Media Player,Media/TV,['silicondust'],,,
Networked TV Tuner,Media/TV,['silicondust'],,,
Night Light,Home Automation,['eton'],,,
Notebook,Computer,['lenovo'],,,
OctoPrint,Work Appliance,['octoprint'],Discard,,
Octoprint,Work Appliance,['octoprint'],Discard,,
Outlet,Home Automation,['mystrom'],,,
Oven,Home Appliance ,['miele'],,,
PC,Computer,['dell' 'lg' 'microsoft'],,,
Panasonic VIERA,Media/TV,['panasonic'],,,
Panasonic VIErA,Media/TV,['panasonic'],,,
Philips HUE,Home Automation,['philips'],,,
Philips Hue,Home Automation,['philips'],,,
Philips Hue Bridge,Home Automation,['philips'],,,
Philips hue,Home Automation,['philips'],,,
Philips hue bridge,Home Automation,['philips'],,,
Philips hue bridge 2015,Home Automation,['philips'],,,
Phone,Mobile Device ,['asus' 'apple'],,,
Plex Media Server,Media/TV,['synology' 'plex' 'western digital'],,,
Plex MediaServer,Media/TV,['plex'],,,
Plex_mediaserver,Media/TV,['plex'],,,
Power Monitor,Home Automation,['sense'],,,
Power Strip,Home Automation,['koogeek'],,,
Powerline,Router,['avm'],,,
Powerline Adapter,Router,['avm' 'devolo'],,,
Print Server,Work Appliance,['trendnet'],,,
Printer,Work Appliance,['canon' 'samsung' 'brother' 'hp' 'epson' 'amazon' 'apple'],Amazon/apple printer? ,,
Printer Scanner,Work Appliance,['samsung'],,,
Printer Scanner Fax,Work Appliance,['samsung'],,,
Printer/Scanner,Work Appliance,['hp' 'canon'],,,
Printer/Scanner/Fax/,Work Appliance,['hp'],,,
Radio,Media/TV,['raspberry-pi' 'frontier silicon'],,,
Raspberry Pi,Media/TV,['raspberry-pi' 'roku'],,,
Raspberry Pi B+,Computer,['raspberry-pi'],will be fixed,,
Receiver,Media/TV,['denon' 'yamaha'],,,
Receiver/Amplifier,Media/TV,['sony'],,,
Refrigerator,Home Appliance ,['samsung'],,,
Remote Control,Home Automation,['logitech' 'neeo'],,,
Remote Control Device,Home Automation,['logitech'],,,
Remote Control Hub,Home Automation,['logitech'],,,
Robot Vacuum,Home Automation,['neato' 'irobot'],,,
Robotic Vacuum Cleaner,Home Automation,['xiaomi' 'irobot'],,,
Roku,Media/TV,['roku' 'tcl' 'hisense' 'tplink' 'apple'],,,
Roku Player,Media/TV,['roku'],,,
"Roku Player
Sonos Play:1",Media/TV,['apple'],,,
Roku Premiere+,Media/TV,['roku'],,,
Roku Stick,Media/TV,['roku' 'belkin'],,,
Roku TV,Media/TV,['tcl'],,,
Roku and Spotify Connect,Media/TV,['roku'],,,
Router,Router,"['netgear' 'asus' 'tplink' 'dlink' 'sky' 'google' 'avm' 'synology' 'arris'
 'apple' 'belkin' 'ciscolinksys' 'huawei' 'trendnet' 'cisco' 'linksys']",,,
Router/AP,Router,['avm'],,,
SABNZBD,Computer,['apple'],,,
Samsung Printer,Work Appliance,['samsung'],,,
Samsung TV,Media/TV,['samsung'],,,
Samsung TV and DLNA DMR,Media/TV,['samsung'],,,
Samsung Wireless Audio,Media/TV,['samsung'],,,
Satellite Receiver,Media/TV,['dish' 'arris' 'directv'],,,
Satellite TV Receiver,Media/TV,['technicolor'],,,
Scale,Generic IoT,['withings'],,,
Security Bridge,Home Automation,['konnected'],,,
Security Camera,Surveillance,"['wyze' 'nest' 'hikvision' 'amcrest' 'dlink' 'zmodo' 'ring' 'honeywell'
 'tplink' 'netgear' 'intel' 'ecobee' 'swann' 'axis communications' 'logi'
 'amazon' 'amc' 'netatmo' 'ubiquiti' 'axis' 'belkin' 'logitech'
 'panasonic' 'samsung']",,,
Security Camera Hub,Home Automation,['aqara'],,,
Security Controller,Home Automation,['konnected' 'vivint'],,,
Security Device,Home Automation,['envisacor' 'fing' 'vivint' 'konnected'],discard fing,,
Security Gateway,Home Automation,['envisacor'],,,
Security Hub,Home Automation,['konnected'],,,
Security Interface Module,Home Automation,['envisacor'],,,
Security System,Home Automation,['envisacor' 'honeywell'],,,
Sensor,Home Automation,['belkin'],,,
Sensor Device,Home Automation,['belkin'],,,
Server,Computer,['apple' 'hp' 'dell' 'plex'],,,
Set Top Box,Media/TV,['nvidia'],,,
Set Top Box (STB),Media/TV,['google'],,,
Set-Top Box,Media/TV,['samsung' 'echostar' 'apple' 'nvidia'],,,
Set-Top Box (STB),Media/TV,['roku'],,,
Set-top Box,Media/TV,"['directv' 'arris' 'tivo' 'sky' 'xiaomi' 'dish' 'roku' 'apple' 'freebox'
 'telus' 'google' 'nvidia' 'spotify' 'asus' 'samsung' 'sagemcom' 'humax'
 'swisscom' 'fetch' 'technisat']",,,
Set-top box,Media/TV,['apple' 'roku'],,,
Single Board Computer (SBC),Computer,['raspberry-pi'],,,
Single-Board Computer,Computer,['raspberry-pi'],,,
Single-board computer,Computer,['raspberry-pi' 'texas instruments'],,,
Sleep Tracker,Generic IoT,['withings'],,,
Smart Appliance,Home Automation,['belkin'],,,
Smart Bridge,Home Automation,['philips'],,,
Smart Bulb,Home Automation,['xiaomi' 'lifx' 'yeelight'],,,
Smart Clock,Generic IoT,['lenovo' 'insignia' 'lametric'],,,
Smart Dimmer Switch,Home Automation,['idev'],,,
Smart Display,Voice Assistant,['amazon' 'google' 'lenovo' 'lametric' 'vizio'],change vizio to Media/TV,,
Smart Garage Door Controller,Home Automation,['chamberlain'],,,
Smart Garage Door Opener,Home Automation,['chamberlain'],,,
Smart Home Controller,Home Automation,['brilliant' 'philips' 'amazon' 'lutron' 'logitech' 'wink' 'samsung'],,,
Smart Home Device,Home Automation,"['sense' 'energy' 'belkin' 'logitech' 'apple' 'samsung' 'google' 'philips'
 'parallels' 'ikea' 'ihome' 'netatmo' 'lutron' 'tado' 'koogeek' 'withings'
 'gardena' 'lg']","change withings to Generic-IoT
google hub? voice assistant",,
Smart Home Gateway,Home Automation,['ikea' 'gardena'],,,
Smart Home Hub,Home Automation,"['philips' 'logitech' 'smartthings' 'home' 'ikea' 'wink' 'wyze' 'nuki'
 'oakter' 'aqara' 'lutron' 'belkin' 'google' 'broadlink' 'raspberry-pi'
 'xiaomi' 'tado' 'chamberlain' 'lightwave' 'heatmiser' 'home assistant'
 'myq' 'gardena' 'netatmo' 'netgear' 'idevices' 'samsung']",google hub? voice assistant,,
Smart Home Router,Home Automation,['telldus'],,,
Smart Home Switch,Home Automation,['idev'],,,
Smart Home System,Home Automation,['philips'],,,
Smart Hub,Home Automation,"['tuya' 'philips' 'ikea' 'lutron' 'xiaomi' 'lenovo' 'legrand' 'aqara'
 'logitech']",,,
Smart Irrigation Controller,Generic IoT,['rachio'],,,
Smart Lamp,Home Automation,['xiaomi'],,,
Smart Light,Home Automation,['philips' 'belkin' 'lifx' 'yeelight' 'xiaomi'],,,
Smart Light Bulb,Home Automation,"['tuya' 'belkin' 'tplink' 'yeelight' 'ikea' 'xiaomi' 'lifx' 'koogeek'
 'nanoleaf' 'lutron' 'philips']",,,
Smart Light Hub,Home Automation,['xiaomi' 'ikea' 'lutron'],,,
Smart Light Socket,Home Automation,['koogeek'],,,
Smart Light Switch,Home Automation,['belkin' 'tplink' 'leviton' 'koogeek' 'ecobee' 'mystrom' 'lutron'],,,
Smart Lighting,Home Automation,['nanoleaf' 'philips' 'lifx' 'koogeek' 'vocol' 'xiaomi' 'yeelight'],,,
Smart Lighting Bridge,Home Automation,['belkin'],,,
Smart Lighting Controller,Home Automation,['yeelight' 'vocol' 'koogeek' 'nanoleaf' 'philips'],,,
Smart Lighting Hub,Home Automation,['philips' 'ikea'],,,
Smart Lighting System,Home Automation,['philips' 'ikea'],,,
Smart Lock,Home Automation,['wink'],,,
Smart Monitor,Home Automation,['ihome'],,,
Smart Outlet,Home Automation,['belkin' 'idev' 'ihome' 'idevices' 'koogeek' 'vocol' 'connect'],,,
Smart Outlet Switch,Home Automation,['belkin'],,,
Smart Plug,Home Automation,"['belkin' 'tplink' 'idevices' 'meross' 'amazon' 'emporia' 'oakter'
 'broadlink' 'emporia energy' 'ihome' 'tuya' 'koogeek' 'fibar' 'idev'
 'insignia' 'vocol' 'parce' 'avm']",,,
Smart Plug Strip,Home Automation,['koogeek'],,,
Smart Plug/Switch,Home Automation,['idevices'],,,
Smart Power Strip,Home Automation,['vocol' 'eve'],,,
Smart Power Switch,Home Automation,['belkin' 'idevices'],,,
Smart Remote,Home Automation,['logitech'],,,
Smart Remote Hub,Home Automation,['logitech'],,,
Smart Socket,Home Automation,['belkin'],,,
Smart Speaker,Media/TV,"['amazon' 'sonos' 'google' 'jbl' 'xiaomi' 'bose' 'apple' 'withings'
 'lenovo' 'insignia' 'vizio' 'lg' 'libratone' 'phorus' 'kodi' 'naim audio'
 'bang & olufsen' 'philips']",Smart Speaker of Amazon/Google -> voice assistant,,
Smart Switch,Home Automation,"['belkin' 'tplink' 'leviton' 'itead' 'idev' 'logi' 'mystrom' 'idevices'
 'ecobee' 'koogeek' 'philips' 'brilliant']",,,
Smart TV,Media/TV,"['sony' 'lg' 'samsung' 'roku' 'vizio' 'philips' 'sharp' 'google' 'tcl'
 'apple' 'xiaomi' 'amazon' 'spotify' 'tivo' 'verizon' 'panasonic'
 'oneplus']",,,
Smart TV Controller,Home Automation,['swisscom'],,,
Smart Thermostat,Home Automation,['wiz' 'philips' 'ecobee' 'tado' 'xiaomi'],,,
SmartPlug,Home Automation,['ihome'],,,
Smartphone,Mobile Device ,"['apple' 'samsung' 'huawei' 'google' 'oneplus' 'motorola' 'lg' 'sony'
 'oppo']",,,
Smoke Detector,Home Automation,['nest' 'google' 'first alert'],,,
Sonos,Media/TV,['sonos' 'apple'],,,
Sonos Amp,Media/TV,['sonos'],,,
Sonos Beam,Media/TV,['sonos'],,,
Sonos Boost,Media/TV,['sonos'],,,
Sonos Bridge,Media/TV,['sonos'],,,
Sonos Connect,Media/TV,['sonos'],,,
Sonos Connect:Amp,Media/TV,['sonos'],,,
Sonos One,Media/TV,['sonos'],,,
Sonos One SL,Media/TV,['sonos'],,,
Sonos Play:1,Media/TV,['sonos'],,,
Sonos Play:3,Media/TV,['sonos'],,,
Sonos Play:5,Media/TV,['sonos'],,,
Sonos Playbar,Media/TV,['sonos'],,,
Sonos Playbase,Media/TV,['sonos'],,,
Sonos SYMFONISK,Media/TV,['sonos'],,,
Sonos Sub,Media/TV,['sonos'],,,
Sonos ZP100,Media/TV,['sonos'],,,
Sonos ZP80,Media/TV,['sonos'],,,
Sonos ZonePlayer,Media/TV,['sonos'],,,
Sound Bar,Media/TV,['vizio'],,,
Soundbar,Media/TV,['vizio' 'bose' 'google' 'lg' 'yamaha' 'samsung'],,,
Speaker,Media/TV,"['sonos' 'bose' 'denon' 'synology' 'google' 'olufsen' 'samsung' 'vizio'
 'invoxia' 'libratone' 'bang & olufsen' 'jbl' 'philips' 'spotify' 'lg'
 'raumfeld' 'bowers & wilkins' 'awox' 'sony' 'xiaomi' 'yamaha']",Speaker of Google -> voice assistant,,
Spotify Connect,Media/TV,"['sonos' 'amazon' 'onkyo' 'roku' 'spotify' 'bang & olufsen' 'yamaha'
 'volumio' 'sony' 'fon' 'control4' 'nvidia' 'withings' 'facebook' 'denon'
 'freebox' 'samsung' 'invoxia' 'cloud' 'bose']",Facebook smart dsplay?,,
Spotify Connect & Google Cast,Media/TV,['nvidia'],,,
Spotify Connect and Bose SoundTouch,Media/TV,['bose'],,,
Spotify Connect and Google Cast,Media/TV,['spotify'],,,
Spotify Connect and HomeKit,Home Automation,['ecobee'],,,
Spotify Connect and Roku,Media/TV,['roku'],,,
Spotify Connect and Yamaha,Media/TV,['yamaha'],,,
"Spotify Connect, DLNA DMR",Media/TV,['samsung' 'bose'],,,
"Spotify Connect, Google Cast",Media/TV,['spotify'],,,
"Spotify Connect, Roku",Media/TV,['roku'],,,
"Spotify Connect, Samsung TV",Media/TV,['samsung'],,,
Sprinkler Controller,Generic IoT,['rachio' 'rach'],discard rach,,
Stereo,Media/TV,['marantz'],,,
Storage Device,Storage,['western digital'],,,
Streamer,Media/TV,['apple' 'sonos' 'roku'],,,
Streaming Box,Media/TV,['apple'],,,
Streaming Device,Media/TV,"['microsoft' 'belkin' 'sonos' 'lg' 'roku' 'samsung' 'amazon' 'tivo'
 'nvidia' 'google' 'directv' 'onkyo' 'bose' 'sony' 'asus' 'apple' 'yamaha'
 'freebox' 'first alert' 'echostar' 'xiaomi' 'loewe' 'technisat' 'dish'
 'marantz' 'libratone' 'panasonic' 'philips' 'raspberry-pi' 'netgear'
 'olufsen' 'denon' 'baidu']",change netgear to Router,,
Streaming Media Player,Media/TV,"['amazon' 'nvidia' 'roku' 'google' 'apple' 'spotify' 'xiaomi' 'tivo'
 'samsung' 'silicondust']",,,
Streaming Music Player,Media/TV,['yamaha'],,,
Streaming Stick,Media/TV,['google' 'amazon' 'roku'],,,
Streaming TV,Media/TV,['apple' 'lg'],,,
Switch,Home Automation,['shelly' 'idevice' 'belkin'],,,
TV,Media/TV,['samsung' 'apple' 'vizio' 'lg' 'roku'],,,
TV Adapter,Media/TV,['roku'],,,
TV Box,Media/TV,['apple' 'xiaomi'],,,
TV Hub,Media/TV,['google'],,,
TV Receiver,Media/TV,['dish'],,,
TV Remote,Media/TV,['samsung'],,,
TV Settop Box,Media/TV,['echostar'],,,
TV Stick,Media/TV,['dish'],,,
TV Streaming Device,Media/TV,['silicondust'],,,
TV Tuner,Media/TV,['silicondust' 'dish' 'roku' 'tivo'],,,
TV Tuner and DVR,Media/TV,['tivo'],,,
TV streaming device,Media/TV,['apple'],,,
Tablet,Mobile Device ,['apple' 'microsoft' 'google' 'amazon' 'lenovo' 'samsung'],,,
Tablet and Laptop,Mobile Device ,['apple'],,,
Television,Media/TV,"['lg' 'samsung' 'sony' 'google' 'philips' 'roku' 'vizio' 'tcl' 'toshiba'
 'apple' 'volumio' 'xiaomi' 'spotify' 'sharp' 'panasonic' 'pioneer'
 'hisense' 'loewe']",,,
Television Remote Control,Media/TV,['sony'],,,
Television Set-Top Box,Media/TV,['google' 'apple'],,,
Thermometer,Generic IoT,['ihome'],,,
Thermostat,Home Automation,"['ecobee' 'nest' 'honeywell' 'google' 'oj' 'sensi' 'carrier' 'vorwerk'
 'tado' 'mysa' 'lennox' 'netatmo' 'heatmiser']",,,
Thermostat Bridge,Home Automation,['netatmo'],,,
TiVo DVR,Media/TV,['tivo'],,,
Tivo DVR,Media/TV,['tivo'],,,
Touch Controller,Home Automation,['wink'],,,
Universal Remote,Home Automation,['logitech'],,,
Universal Remote Control,Home Automation,['logitech'],,,
Universal Remote Hub,Home Automation,['logitech'],,,
Vacuum Cleaner,Home Automation,['xiaomi'],,,
Vehicle,Vehicle,['tesla'],,,
Video Conferencing Camera,Voice Assistant,['facebook'],,,
Video Doorbell,Surveillance,['hikvision' 'tivo'],,,
Video Game Console,Game Console,['sony' 'microsoft' 'apple'],,,
Virtual Host,Computer,['microsoft'],,,
Virtual Machine,Computer,['microsoft'],,,
VoIP Adapter,Work Appliance,['cisco' 'grandstream'],,,
VoIP Phone,Work Appliance,['polycom' 'cisco' 'ooma'],,,
VoIP Stick,Media/TV,['roku'],,,
Voice Assistant,Media/TV,['amazon' 'google' 'sony' 'logi'],Fix amazon and google,,
Voice Assistant Hub,Voice Assistant,['amazon'],,,
Voice Assistant Speaker,Media/TV,['amazon' 'google' 'lg' 'sonos'],Fix amazon and google,,
Volumio,Media/TV,['volumio'],,,
"Volumio, Spotify Connect",Media/TV,['volumio'],,,
WLAN Repeater,Router,['avm'],,,
WLANAccessPointDevice,Router,['devolo' 'netgear' 'apple'],,,
Washer,Home Appliance ,['samsung'],,,
WeMo Insight,Home Automation,['belkin'],,,
WeMo Link,Home Automation,['belkin'],,,
WeMo Motion,Home Automation,['belkin'],,,
WeMo Outlet Switch,Home Automation,['belkin'],,,
WeMo Soffit Light Switch,Home Automation,['belkin'],,,
WeMo Switch,Home Automation,['belkin'],,,
Wearable Device,Wearable,['amazon' 'apple'],,,
Weather Station,Home Automation,['netatmo'],,,
Webcam,Surveillance,['dlink' 'dropcam' 'hikvision'],,,
Wemo Light,Home Automation,['belkin'],,,
Wemo Mini,Home Automation,['belkin'],,,
Wi-Fi Access Point,Router,['tplink'],,,
Wi-Fi Amplifier,Media/TV,['yamaha'],,,
Wi-Fi Extender,Router,['netgear' 'apple' 'belkin'],,,
Wi-Fi Range Extender,Router,['avm'],,,
Wi-Fi Repeater,Router,['google' 'avm'],,,
Wi-Fi Speaker,Media/TV,['luxshare'],,,
WiFi Access Point,Router,['google' 'netgear'],,,
WiFi Extender,Router,['netgear'],,,
WiFi Repeater,Router,['avm' 'google'],,,
WiFi Router,Router,['netgear' 'devolo'],,,
WiFi Speaker,Media/TV,['pioneer'],,,
Window Sensor,Home Automation,['velux'],,,
Wink,Home Automation,['apple' 'wink'],,,
Wireless Access Point,Router,['dlink' 'netgear' 'ubiquiti' 'tplink' 'devolo'],,,
Wireless Range Extender,Router,['avm'],,,
Wireless Repeater,Router,['avm'],,,
Wireless Router,Router,['apple' 'netgear'],,,
Wireless Speaker,Media/TV,['samsung' 'denon' 'sony'],,,
Xiaomi_gw,Home Automation,['xiaomi' 'aqara'],,,
Yeelight,Home Automation,['yeelight'],,,
YeelightColorBulb,Home Automation,['yeelight'],,,
YeelightLightStrip,Home Automation,['yeelight'],,,
Z-Wave,Home Automation,['homeseer'],,,
Zigbee Gateway,Home Automation,['xiaomi'],,,
Zigbee Hub,Home Automation,['xiaomi'],,,
apple_tv,Media/TV,['apple'],,,
dlna_dmr,Media/TV,['bose'],,,
ecobee4,Home Automation,['ecobee'],,,
google_cast,Media/TV,['google'],,,
"google_cast, plex_mediaserver",Media/TV,['nvidia'],,,
"google_cast, spotify_connect",Media/TV,['sony'],,,
home_assistant,Home Automation,['home'],,,
homekit,Home Automation,['ecobee' 'lifx' 'apple' 'velux' 'mystrom' 'netatmo'],,,
hp_printer,Work Appliance,['hp' 'avm'],,,
iPhone,Mobile Device ,['apple'],,,
igd,Home Automation,['samsung'],,,
nanoleaf_aurora,Home Automation,['nanoleaf'],,,
netgear_router,Router,['netgear'],,,
plex_mediaserver,Media/TV,['plex'],,,
spotify_connect,Voice Assistant,['amazon'],,,
tivo_dvr,Media/TV,['tivo'],,,
webOS TV,Media/TV,['lg'],,,
webos_tv,Media/TV,['lg'],,,
xiaomi_gw,Home Automation,['xiaomi'],,,
ziggo_mediabox_xl,Media/TV,['samsung'],,,
Coffee Maker,Home Appliance ,['google' 'apple'],,,
WiFi Mesh Router,Router,['google' 'netgear'],,,
Smoke Alarm,Home Automation,['google' 'nest'],,,
Wi-Fi Mesh Router,Router,['google'],,,
Telephone Box,Work Appliance,['google'],,,
Smartwatch,Wearable,['apple' 'samsung' 'xiaomi'],,,
Smart Watch,Wearable,['apple'],,,
Cellphone,Mobile Device ,['apple' 'samsung' 'lg' 'huawei' 'motorola'],,,
Logitech MediaServer,Media/TV,['apple'],,,
Car Entertainment System,Other,['apple'],,,
Motor Controller,Home Automation,['apple'],,,
Vehicle Tracker,Generic IoT,['apple'],,,
MP3 Player,Media/TV,['apple'],,,
Home Entertainment System,Media/TV,['apple'],,,
KA is an IoT Sensor,Other,['apple'],,,
Wearable,Wearable,['apple'],,,
iPod Touch,Mobile Device ,['apple'],,,
TV Set-Top Box,Media/TV,['apple'],,,
iOS Device,Mobile Device ,['apple'],,,
HVAC Controller,Home Automation,['honeywell'],,,
Range Extender,Router,['tplink' 'ubiquiti'],,,
Powerline Extender,Router,['tplink'],,,
WiFi Switch,Router,['tplink' 'netgear'],,,
Repeater,Router,['tplink'],,,
Mesh Network Router,Router,['tplink' 'plume'],,,
Network Controller,Router,['tplink' 'ubiquiti'],,,
Smart Lightbulb,Home Automation,['tplink'],,,
Smart Light Dimmer,Home Automation,['tplink'],,,
Mobile Handset,Mobile Device ,['samsung'],,,
Network Extender,Router,['samsung'],,,
Smart Device,Home Appliance ,['samsung'],,,
IP Phone,Work Appliance,['samsung'],,,
Mobile,Mobile Device ,['samsung'],,,
Cellular IoT Device,Mobile Device ,['samsung'],,,
Washing Machine,Home Appliance ,['samsung' 'lg'],,,
Appliance,Home Appliance ,['samsung' 'lg'],,,
Dryer,Home Appliance ,['samsung' 'lg'],,,
WiFi Mesh Satellite,Router,['netgear'],,,
Clothes Dryer,Home Appliance ,['lg'],,,
Microwave,Home Appliance ,['lg'],,,
OLED Display,Media/TV,['lg'],,,
Satellite Receiver DVR,Media/TV,['dish'],,,
CPX-VXYQCTVA7SO is a ConnectPort X2 gateway device,Router,['microsoft'],,,
Network Device,Router,['microsoft' 'ubiquiti'],,,
Virtual PC,Computer,['microsoft'],,,
Surface Computer,Computer,['microsoft'],,,
Medical Device,Generic IoT,['microsoft'],,,
Weather Sensor,Home Automation,['netatmo'],,,
Wi-Fi Adapter,Router,['belkin'],,,
Cooker,Home Appliance ,['xiaomi'],,,
Robot Vacuum Cleaner,Home Automation,['xiaomi'],,,
Rice Cooker,Home Appliance ,['xiaomi'],,,
Robotic Vacuum,Home Automation,['xiaomi' 'irobot' 'neato' 'shark'],,,
Alarm Clock,Generic IoT,['xiaomi'],,,
Thermostat Controller,Home Automation,['tado'],,,
Monitor,Other,['hp'],,,
Printer and Scanner,Work Appliance,['hp' 'brother'],,,
CCTV DVR,Media/TV,['tivo'],,,
Video Recorder,Media/TV,['tivo'],,,
Single Board Computer,Computer,['raspberry-pi'],,,
Single-Board Computer (SBC),Computer,['raspberry-pi'],,,
GPS Receiver,Computer,['raspberry-pi'],,,
Raspberry Pi Camera,Computer,['raspberry-pi'],,,
Robot,Computer,['raspberry-pi' 'irobot'],Change irobot to Home automation,,
IoT Sensor Device,Computer,['raspberry-pi'],,,
LoRa Gateway,Computer,['raspberry-pi'],,,
IoT Clock,Computer,['raspberry-pi'],,,
Radio Receiver,Computer,['raspberry-pi'],,,
Projector,Media/TV,['sony'],,,
eReader,Mobile Device ,['amazon'],,,
Speaker or Tablet,Mobile Device ,['amazon'],,,
e-Reader,Mobile Device ,['amazon'],,,
Fire Alarm,Home Automation,['amazon'],,,
Tap Sensor,Home Appliance ,['amazon'],,,
VoIP Adaptor,Work Appliance,['amazon' 'ooma' 'gigaset'],,,
eBook Reader,Mobile Device ,['amazon'],,,
Alexa Dot,Voice Assistant,['amazon'],,,
Smart Dimmer,Home Automation,['leviton'],,,
Smart Doorbell,Surveillance,['chamberlain'],,,
Door Opener,Home Automation,['chamberlain'],,,
Network Interface Device,Router,['arris'],,,
Sensor Node,Computer,['dell'],,,
Computer Server,Computer,['dell'],,,
Desktop,Computer,['dell'],,,
Wi-Fi Router,Router,['buffalo'],,,
Cellular Repeater,Router,['cisco'],,,
Network Hub,Router,['cisco'],,,
Femtocell,Router,['cisco'],,,
ATA (Analog Telephone Adapter),Work Appliance,['cisco'],,,
Bluetooth Dongle,Other,['asus'],,,
Telephone,Work Appliance,['asus' 'gigaset'],,,
Workstation,Computer,['asus'],,,
USB Stick,Computer,['lenovo'],,,
Smart Scale,Generic IoT,['withings'],,,
Vehicle IoT Device,Vehicle,['subaru' 'tesla'],,,
Handheld Console,Game Console,['nintendo'],,,
Wireless Access Point (WAP),Router,['eero'],,,
Router/Access Point,Router,['ubiquiti'],,,
Wireless Extender,Router,['ubiquiti'],,,
WiFi Module,Router,['texas instruments'],,,
Video Doorbell Camera,Surveillance,['texas instruments'],,,
Smart Meter,Home Automation,['sense' 'solaredge' 'discovergy'],,,
VoIP Router,Work Appliance,['ciscolinksys' 'obihai' 'ooma'],,,
Smart Blinds,Home Automation,['shelly'],,,
RGBW LED Controller,Home Automation,['shelly'],,,
Mobile Router,Router,['huawei'],,,
Solar Inverter,Home Automation,['huawei' 'solaredge'],,,
Smoke Alarm and CO Detector,Home Automation,['nest'],,,
Cable Modem/WAP,Router,['technicolor'],,,
Vacuum Robot,Home Automation,['irobot'],,,
Robot Mop,Home Automation,['irobot'],,,
FTP Server,Storage,['qnap'],,,
Energy Monitor,Home Automation,['rainforest' 'solaredge' 'tesla' 'energy' 'legrand' 'sma'],remove energy?,,
VoIP Phone Adaptor,Work Appliance,['obihai'],,,
VoIP Phone Adapter,Work Appliance,['obihai'],,,
Smart Water Valve,Home Automation,['flo' 'orbit'],Replace flo by meon,,
Outdoor Lighting,Home Automation,['ring'],,,
Video Surveillance Device,Surveillance,['ring'],,,
Video Camera Doorbell,Surveillance,['ring'],,,
Smart Sprinkler Controller,Generic IoT,['rach'],,,
Energy Management Device,Home Automation,['solaredge'],,,
Energy Monitoring Device,Home Automation,['solaredge'],,,
Power Inverter,Home Automation,['solaredge'],,,
Camera Device,Surveillance,['petcube'],,,
Camera IoT Device,Surveillance,['petcube'],,,
Networked Thermostat,Home Automation,['bosch'],,,
Mini PC,Computer,['intel'],,,
Tracking Device,Other,['intel'],,,
Smart Lock Bridge,Home Automation,['august' 'nuki'],,,
Smart Faucet,Home Appliance ,['delta' 'orbit'],,,
Security System Controller,Home Automation,['envisacor'],,,
Automobile,Vehicle,['tesla'],,,
VOIP Adapter,Work Appliance,['ooma'],,,
VOIP Gateway,Work Appliance,['ooma'],,,
VOIP Phone,Work Appliance,['ooma'],,,
HDMI Switch,Other,['caavo'],,,
Generator,Generic IoT,['kohler'],,,
Universal Remote Controller,Home Automation,['broadlink'],,,
Infrared Hub,Home Automation,['broadlink'],,,
Infrared Controller,Home Automation,['broadlink'],,,
Infrared Blaster,Home Automation,['broadlink'],,,
Smart Bed,Home Appliance ,['number'],,,
Temperature Sensor,Home Automation,['sensi' 'crosse'],Change crosse to La Crosse,,
Espressif is a type of Wi-Fi enabled microcontroller,Other,['orbit'],,,
Network Scanner,Router,['fing'],,,
Network Intrusion Detection System (N,Router,['fing'],,,
Fan,Home Appliance ,['dyson' 'fans'],,,
Smart Fan,Home Appliance ,['dyson'],,,
Air Purifier/Air Conditioner,Home Appliance ,['dyson'],,,
Sump Pump Monitor,Home Automation,['pumpspy'],,,
Virtual Reality Headset,Wearable,['facebook' 'oculus'],,,
Security System Gateway,Home Automation,['simplisafe'],,,
Kitchen Appliance,Home Appliance ,['chefsteps'],,,
Smart Kitchen Appliance,Home Appliance ,['chefsteps'],,,
Digital Photo Frame,Generic IoT,['nixplay' 'pixstar'],,,
Digital Picture Frame,Generic IoT,['nixplay'],,,
Touchscreen Panel,Home Automation,['control4'],,,
Smart Pod,Router,['plume'],,,
Sensor Pod,Router,['plume'],,,
VoIP Gateway,Work Appliance,['vonage'],,,
VoIP Endpoint,Work Appliance,['vonage'],,,
Z-Wave Gateway,Home Automation,['telldus'],,,
Power Controller,Home Automation,['snap'],,,
Smart Lighting Device,Home Automation,['tuya'],,,
Humidity Sensor,Home Automation,['tuya'],,,
VoIP DECT Base Station,Work Appliance,['gigaset'],,,
Telephone Controller,Work Appliance,['gigaset'],,,
ADS-B Receiver,Other,['flightaware'],,,
ADSB Receiver,Other,['flightaware'],,,
WiFi Node,Router,['bell'],,,
Smart Pet Device,Generic IoT,['sure'],,,
Security System Panel,Home Automation,['vivint'],,,
Solar Monitor,Home Automation,['sunpower'],,,
Solar Panel,Home Automation,['sunpower'],,,
Heating Device,Home Automation,['oj'],,,
Smart Water Meter,Home Automation,['phyn'],,,
Solar Controller,Home Automation,['sma'],,,
Radio Frequency (RF) Device,Other,['sharkrf'],,,
UPS (Uninterruptible Power,Home Automation,['eaton'],,,
Tea Maker,Home Appliance ,['vorwerk'],,,
Mobile Phone,Mobile Device ,['google' 'lg' 'xiaomi' 'lenovo' 'motorola' 'mai'],,,
Android Device,Mobile Device ,['google' 'sony' 'nvidia' 'qolsys'],discard qolsys,,
Security Camera,Surveillance,"['google' 'xiaomi' 'raspberry-pi' 'trendnet' 'withings' 'foscam' 'reolink'
  'immedia' 'dropcam' 'petcube' 'lorex' 'dahua' 'piper' 'simplisafe' 'kuna'
  'tuya' 'v380' 'hikam' 'jovision' 'canary' 'vivotek']","discard raspberry-pi
",,
WiFi Router,Router,['google' 'apple' 'linksys' 'airties' 'energy'],,,
Smart Thermostat,Home Automation,"['google' 'apple' 'honeywell' 'microsoft' 'netatmo' 'hp' 'withings'
  'meraki' 'nest' 'intel' 'ooma' 'wistron neweb' 'nuheat' 'control4'
  'cloud']","discard hp
discard wistron neweb
discard cloud",,
Door Lock,Home Automation,['google' 'august home' 'august'],,,
Doorbell Camera,Surveillance,['google' 'panasonic' 'texas instruments' 'nest' 'august'],,,
Voice Assistant Hub,Voice Assistant,['google'],,,
WiFi Access Point,Router,['apple' 'ubiquiti' 'snap'],,,
Wireless Access Point,Router,['apple' 'eero' 'linksys'],,,
Virtual Machine,Computer,['apple' 'parallels' 'vmware'],,,
Doorbell,Surveillance,['apple' 'amazon' 'texas instruments'],,,
Plex Media Server,Media/TV,['apple' 'nvidia' 'asus' 'qnap'],,,
Voice Assistant,Voice Assistant,['apple' 'alibaba'],,,
Smart Home Hub,Home Automation,"['apple' 'rachio' 'august home' 'sense' 'nest' 'insteon' 'ring'
  'envisacor' 'dyson' 'overkiz' 'milight']",,,
Speaker,Voice Assistant,['apple' 'amazon'],,,
Music Player,Other,['apple'],,,
Air Quality Monitor,Generic IoT,['apple' 'dyson' 'foobot'],,,
Security Device,Other,['apple' 'dlink'],,,
Thermostat,Home Automation,['apple' 'bosch' 'delta' 'broadlink' 'nuheat' 'eq3' 'chameleon' 'bryant'],,,
TV streaming device,Media/TV,['silicondust'],,,
Media Player,Media/TV,['logitech'],,,
Media Server,Media/TV,['logitech' 'dell' 'qnap'],discard dell,,
Audio Streamer,Media/TV,['logitech'],,,
Network Music Player,Media/TV,['logitech'],,,
Wi-Fi Extender,Router,['tplink' 'eero' 'ring' 'plume'],,,
Smart Outlet,Home Automation,['tplink' 'amazon' 'broadlink' 'currant'],,,
Smart Bulb,Home Automation,['tplink' 'amazon' 'meraki' 'wyze' 'wiz'],,,
WiFi Extender,Router,['tplink'],,,
Network Switch,Router,['tplink' 'cisco' 'ubiquiti' 'snap'],,,
Powerline Adapter,Router,['tplink'],,,
WiFi Repeater,Router,['tplink'],,,
Smart Lighting,Home Automation,['tplink' 'systems' 'tuya' 'fans' 'qubesmarthome'],"discard systems
discard fans",,
Access Point,Router,['tplink' 'solaredge'],,,
Smart Lamp,Home Automation,['tplink'],,,
Smart Light,Home Automation,['tplink' 'wyze' 'ring' 'tuya'],,,
Webcam,Surveillance,['tplink' 'panasonic' 'cisco' 'amcrest' 'jovision'],,,
Smart Lock,Home Automation,['samsung' 'august home' 'august' 'dyson' 'nuki' 'amcrest'],,,
Cellular Phone,Mobile Device ,['samsung' 'huawei' 'vivo'],,,
Robot Vacuum,Home Automation,['samsung' 'lg' 'xiaomi' 'shark' 'eufy'],,,
IoT Sensor,Generic IoT,['samsung' 'dlink' 'fitbit' 'asus' 'ubiquiti' 'nest' 'solaredge' 'intel'],,,
Smart Plug,Home Automation,"['samsung' 'netgear' 'dlink' 'xiaomi' 'leviton' 'itead' 'meraki'
  'texas instruments' 'sense' 'sonoff' 'konke' 'wyze' 'mystrom' 'vesync'
  'eufy']","discard netgear
",,
Security Gateway,Router,['netgear'],,,
Ethernet Switch,Router,['netgear' 'dell' 'ubiquiti' 'fon'],,,
Wi-Fi Access Point,Router,['netgear' 'chamberlain' 'asus' 'eero'],,,
Network Router,Router,['netgear'],,,
Washer,Home Appliance ,['lg' 'miele'],,,
Wearable Device,Wearable,['lg' 'fitbit' 'epson'],,,
Tablet,Mobile Device ,['lg' 'sony' 'asus' 'bq' 'huawei' 'facebook'],,,
Refrigerator,Home Appliance ,['lg'],,,
DLNA Server,Storage,['western digital'],,,
Smart Home Device,Home Automation,"['microsoft' 'synology' 'amazon' 'chamberlain' 'logi' 'panasonic'
  'august home' 'shelly' 'nest' 'konke' 'rainforest' 'ring' 'rach' 'kohler'
  'broadlink' 'orbit' 'pumpspy' 'amcrest' 'sensibo' 'telldus' 'tuya'
  'fujitsu' 'wiz']","discard microsoft
discard synology
discrad rach
",,
Laptop Computer,Computer,['microsoft' 'lenovo'],,,
Smartphone,Mobile Device ,['microsoft' 'xiaomi' 'asus' 'nest' 'vivo'],discard nest,,
Server,Computer,['microsoft' 'panasonic' 'micro' 'gigabyte' 'asrock' 'vmware'],,,
Set-Top Box,Media/TV,['roku' 'arris' 'sky'],,,
Wireless Router,Router,['dlink' 'asus' 'eero'],,,
Sensor,Generic IoT,['dlink'],,,
Motion Sensor,Home Automation,['dlink' 'shelly'],,,
Smart Switch,Home Automation,['dlink' 'shelly' 'sonoff' 'tuya'],discard dlink -> router,,
Network Video Recorder,Media/TV,['dlink'],,,
Homekit,Home Automation,['xiaomi'],,,
Air Purifier,Home Appliance ,['xiaomi' 'dyson'],,,
Cell Phone,Mobile Device ,['xiaomi'],,,
Smart Clock,Generic IoT,['xiaomi'],,,
Smart Home Controller,Home Automation,['neeo' 'broadlink'],,,
Laptop,Computer,['hp' 'sony' 'asus' 'huawei'],,,
Media Streaming Device,Media/TV,['tivo' 'nest' 'caavo'],,,
Media Streamer,Media/TV,['tivo'],,,
Network Storage Device,Storage,['raspberry-pi' 'qnap'],,,
IoT Gateway,Home Automation,['raspberry-pi' 'bosch' 'intel' 'ogemray'],"discard raspberry-pi
discards intel",,
Network Attached Storage (NAS),Computer,['raspberry-pi'],,,
Television,Media/TV,['amazon' 'bang & olufsen' 'irobot'],fix irobot,,
TV,Media/TV,['amazon'],,,
Set-top box,Media/TV,['arris'],,,
Set Top Box,Media/TV,['arris'],,,
Smart TV,Media/TV,['arris' 'olufsen'],,,
TV Tuner and DVR,Media/TV,['arris'],,,
Computer,Computer,['arris' 'asrock' 'intel'],,,
TV Remote,Media/TV,['vizio'],,,
Environmental Sensor,Generic IoT,['ecobee' 'broadlink'],,,
Lighting Device,Home Automation,['lifx'],,,
Smart Hub,Home Automation,['logi' 'smartthings'],,,
Router,Router,"['buffalo' 'eero' 'ubiquiti' 'freebox' 'nest' 'technicolor' 'telus'
  'airties' 'snap' 'vmware' 'samknows' 'verizon' 'zinwell']",,,
Digital Video Recorder (DVR),Media/TV,['cisco'],,,
HTPC (Home Theater Personal Computer),Computer,['asus'],,,
Notebook,Computer,['asus'],,,
Streaming Device,Media/TV,['plex' 'luxshare'],,,
DVR (Digital Video Recorder),Media/TV,['plex'],,,
Desktop Computer,Computer,['plex' 'asustek' 'epson' 'fujitsu'],,,
Desktop PC,Computer,['lenovo'],,,
PC,Computer,['lenovo' 'gigabyte'],,,
IP Camera,Surveillance,['withings' 'hikvision' 'speco' 'v380' 'amc' 'fdt'],,,
Internet Radio,Media/TV,['frontier silicon'],,,
Gaming Console,Game Console,['nintendo'],,,
Game Console,Game Console,['nintendo'],,,
Video Game Console,Game Console,['nintendo'],,,
Network Camera,Surveillance,['ubiquiti' 'axis communications' 'jovision'],,,
Switch,Router,['meraki'],,,
Video Doorbell,Surveillance,['texas instruments' 'nest' 'ring'],,,
Home Automation,Home Automation,['fibar' 'overkiz' 'vmware' 'universal devices' 'homeassistant'],"discard vmware
discard homeassistant?",,
VoIP Phone,Work Appliance,"['ciscolinksys' 'linksys' 'obihai' 'grandstream' 'innomedia' 'vonage'
  'gigaset' 'magicjack' 'siemens']",,,
Network Bridge,Router,['linksys'],,,
VoIP Adapter,Work Appliance,['linksys' 'obihai' 'innomedia' 'vonage'],,,
Smart Speaker,Media/TV,['huawei' 'intel' 'baidu'],discard intel,,
Heater,Generic IoT,['nest'],,,
Security Controller,Generic IoT,['nest' 'envisacor'],,,
Set-top Box,Media/TV,['arcadyan' 'caavo' 'foxtel'],,,
Storage Device,Storage,['qnap'],,,
Smart Light Bulb,Home Automation,['wyze' 'magic' 'eufy'],,,
Lightbulb,Home Automation,['wyze' 'osram' 'tuya'],,,
Power Monitor,Home Automation,['rainforest' 'sunpower'],,,
Motherboard,Computer,['gigabyte' 'asrock'],,,
Security Camera Hub,Home Automation,['immedia'],,,
IoT Hub,Home Automation,['insteon' 'sure'],,,
Home Automation Hub,Home Automation,['insteon' 'overkiz'],,,
Security System,Home Automation,['ring' 'bosch' 'simplisafe' 'qolsys'],,,
Irrigation Controller,Generic IoT,['rach'],,,
Smart Home Gateway,Home Automation,['solaredge'],,,
Smart Lighting Hub,Home Automation,['osram'],,,
Security Hub,Home Automation,['envisacor' 'simplisafe' 'vivint'],,,
Robotic Vacuum Cleaner,Home Automation,['neato'],,,
Vacuum Cleaner,Home Automation,['neato' 'shark'],,,
Remote Control Device,Home Automation,['broadlink'],,,
Home Automation Controller,Home Automation,['broadlink' 'homeseer' 'control4' 'universal devices' 'fibaro'],,,
Smart Light Switch,Home Automation,['meross' 'tuya'],,,
Smart Garage Door Opener,Home Automation,['meross' 'amcrest' 'tuya' 'gogogate'],,,
Garage Door Opener,Home Automation,['meross' 'gogogate'],,,
Weather Station,Home Automation,['bloomsky' 'weather' 'crosse'],,,
Sprinkler Controller,Generic IoT,['orbit' 'rainmachine'],Check category,,
Smart Irrigation Controller,Generic IoT,['orbit'],,,
Dishwasher,Home Appliance ,['general electric'],,,
Oven,Home Appliance ,['general electric'],,,
Smart Home System,Home Appliance ,['homeseer'],,,
Network Monitor,Computer,['fing' 'samknows'],,,
Network Appliance,Router,['fing'],,,
Home Automation Device,Home Automation,['overkiz'],,,
Smart Lighting Controller,Home Automation,['magic'],,,
Smart Display,Other,['facebook' 'chameleon'],,,
Home Automation System,Home Automation,['eq3'],,,
Light Switch,Home Automation,['tuya'],,,
Light Bulb,Home Automation,['tuya' 'wiz'],,,
Air Quality Sensor,Generic IoT,['foobot'],,,
Satellite Receiver,Media/TV,['foxtel'],,,
Smart Appliance,Home Appliance ,['miele'],,,
Lighting Control System,Home Automation,['siemens'],,,